iter	RMSE
0	46.76088784
1	42.73647639
2	39.13035729
3	35.77381439
4	32.93984584
5	30.2262575
6	27.87614879
7	25.65011354
8	23.6220827
9	21.65609605
10	20.00005367
11	18.42751353
12	16.99895567
13	15.72825268
14	14.57097162
15	13.63509341
16	12.7272429
17	11.84895594
18	11.08802262
19	10.40304259
20	9.699910772
21	9.092124834
22	8.518590425
23	8.062646259
24	7.560081282
25	7.147925031
26	6.764577454
27	6.441374057
28	6.146378618
29	5.878586202
